{
    "load_time_sec": 1.8191866874694824,
    "train_time_sec": 1.0731282234191895,
    "auc_roc": 0.8783876926544394,
    "accuracy": 0.9958393314841473,
    "precision": 0.25951557093425603,
    "recall": 0.7653061224489796,
    "f1_score": 0.3875968992248062,
    "inference_latency_single_ms": 0.3352165222167969,
    "inference_throughput_1k_ms_per_row": 0.0013644695281982422
}